lebar,panjang,tahun,merk
3,4,2015,Honda
4,5,2014,BMW
4,4,2021,Toyota
3,5,2007,Honda
3,5,2010,BMW
3,4,2007,Toyota
4,5,2016,Ford
3,6,2007,Honda
3,5,2014,Ford
4,6,2001,Ford
2,4,2004,Volkswagen
2,6,2017,BMW
3,5,2007,Toyota
3,4,2003,BMW
3,4,2007,Honda
3,4,2012,Honda
3,6,2005,Ford
3,6,2005,BMW
3,6,2009,Ford
4,5,2002,Volkswagen
3,5,2001,Volkswagen
4,6,2015,Toyota
2,4,2006,Toyota
2,5,2007,Volkswagen
4,5,2008,BMW
4,5,2017,BMW
3,5,2018,Volkswagen
3,5,2016,Honda
3,5,2003,Honda
3,5,2017,Volkswagen
3,6,2018,Volkswagen
3,5,2017,Honda
4,4,2004,Volkswagen
3,5,2017,Ford
4,5,2014,Ford
4,4,2001,Volkswagen
3,5,2007,Honda
3,6,2010,BMW
4,4,2012,Toyota
2,5,2019,Honda
4,5,2013,Ford
3,6,2005,Toyota
3,5,2020,BMW
3,6,2008,Toyota
2,5,2017,Volkswagen
3,5,2007,Toyota
4,6,2018,Toyota
3,5,2006,Volkswagen
4,5,2016,Ford
3,6,2002,Toyota
3,6,2017,Ford
3,5,2001,Volkswagen
3,5,2003,Ford
2,4,2018,BMW
3,4,2009,BMW
3,5,2020,BMW
4,5,2015,Honda
3,5,2002,Volkswagen
2,5,2010,BMW
4,5,2004,Toyota
4,4,2015,Toyota
3,5,2005,Honda
4,5,2016,Volkswagen
2,5,2019,Honda
2,4,2015,Toyota
2,5,2005,Honda
3,6,2012,Honda
3,6,2013,Volkswagen
3,6,2003,BMW
4,5,2006,BMW
3,4,2004,Volkswagen
2,5,2018,Ford
4,5,2004,Ford
4,4,2003,Honda
4,4,2003,Honda
4,5,2004,Volkswagen
3,4,2019,Volkswagen
2,4,2018,Volkswagen
3,4,2009,Ford
4,4,2003,Honda
3,5,2009,Honda
3,6,2018,Ford
3,4,2012,Volkswagen
2,6,2004,Honda
3,5,2021,Honda
2,5,2007,Toyota
3,5,2008,Toyota
3,4,2005,Toyota
4,4,2001,Toyota
4,5,2001,Ford
3,5,2019,BMW
3,5,2010,Ford
4,6,2005,Volkswagen
3,4,2020,BMW
4,4,2012,Honda
3,6,2005,BMW
4,4,2019,Toyota
3,5,2011,Volkswagen
4,4,2002,BMW
3,6,2010,BMW
3,5,2011,Ford
3,5,2014,Ford
3,5,2014,Honda
2,6,2011,BMW
3,4,2004,Toyota
4,4,2007,Ford
3,5,2010,Honda
4,6,2004,Honda
3,5,2008,Toyota
4,5,2001,BMW
3,4,2018,Honda
3,6,2007,Honda
4,4,2017,Toyota
3,6,2018,Honda
4,4,2020,Ford
4,4,2017,Honda
3,5,2018,Ford
3,5,2002,Honda
3,5,2015,Ford
4,4,2010,Honda
3,5,2006,Toyota
2,4,2013,BMW
3,6,2008,Honda
3,5,2007,BMW
2,5,2011,Volkswagen
3,5,2001,Volkswagen
3,5,2017,Volkswagen
4,6,2015,Toyota
4,4,2018,Ford
3,4,2017,Volkswagen
4,5,2001,Toyota
4,4,2012,Toyota
2,5,2004,Volkswagen
3,6,2013,Volkswagen
4,5,2020,Toyota
3,6,2019,Volkswagen
4,5,2002,Volkswagen
4,6,2002,Honda
3,4,2005,Toyota
2,4,2003,Ford
3,4,2016,Volkswagen
4,5,2016,Volkswagen
3,5,2013,Toyota
2,5,2018,Honda
2,5,2004,Toyota
3,6,2016,Honda
3,6,2005,Honda
2,4,2013,Honda
2,5,2017,Volkswagen
3,4,2008,Volkswagen
2,6,2010,BMW
4,5,2019,Honda
2,5,2008,Volkswagen
3,5,2004,Ford
4,5,2010,Ford
3,6,2000,Toyota
2,5,2002,BMW
3,5,2008,Honda
3,4,2006,Toyota
3,4,2020,Volkswagen
3,6,2001,BMW
4,6,2016,Toyota
2,4,2015,BMW
3,6,2007,Ford
3,4,2009,Ford
4,4,2003,Honda
3,4,2020,Honda
2,6,2005,BMW
3,6,2004,Ford
3,5,2018,BMW
2,5,2015,Volkswagen
3,4,2013,Ford
4,6,2021,Volkswagen
3,5,2011,Volkswagen
3,5,2006,Toyota
3,5,2013,Toyota
4,5,2012,Honda
3,4,2002,BMW
3,6,2012,BMW
3,5,2001,Honda
4,5,2006,Toyota
3,5,2006,BMW
3,5,2010,Ford
3,5,2008,Honda
3,4,2006,BMW
3,5,2001,Toyota
3,5,2016,Ford
3,5,2015,Volkswagen
3,6,2006,Toyota
3,4,2003,BMW
2,6,2010,Honda
3,5,2010,BMW
3,4,2004,Toyota
3,5,2005,BMW
4,4,2009,Honda
3,4,2001,Toyota
2,6,2020,Ford
2,5,2003,Volkswagen
2,4,2012,Volkswagen
3,5,2017,BMW
3,6,2018,Toyota
4,5,2008,Honda
2,5,2016,BMW
4,6,2019,Ford
3,6,2019,BMW
3,6,2003,Honda
4,6,2017,Honda
4,5,2004,BMW
3,6,2008,Volkswagen
3,5,2008,BMW
2,5,2014,Toyota
3,6,2006,Ford
4,4,2020,Toyota
3,4,2007,Honda
4,5,2009,BMW
4,5,2001,BMW
3,5,2011,Honda
4,5,2005,Volkswagen
4,5,2012,Volkswagen
2,5,2005,BMW
2,6,2006,Ford
3,4,2008,Volkswagen
3,5,2006,Ford
3,6,2007,Volkswagen
3,4,2005,Honda
3,4,2008,Honda
3,5,2019,Ford
4,5,2009,Volkswagen
3,5,2020,Honda
4,5,2012,Volkswagen
2,5,2019,BMW
3,5,2018,Honda
3,6,2018,Volkswagen
3,6,2004,Toyota
4,4,2020,Ford
4,5,2019,BMW
3,6,2017,Volkswagen
3,4,2003,Honda
4,6,2003,Ford
4,4,2021,Toyota
4,4,2005,Honda
4,5,2007,Honda
2,5,2007,Volkswagen
3,5,2005,BMW
2,5,2018,Volkswagen
3,5,2007,Honda
3,5,2011,Ford
4,5,2014,Honda
4,5,2008,Ford
4,5,2015,BMW
2,4,2006,Volkswagen
2,4,2019,Honda
4,6,2002,Honda
2,4,2002,Toyota
3,6,2012,BMW
4,4,2002,Ford
4,5,2014,Ford
4,5,2006,Toyota
4,6,2016,BMW
3,4,2001,Honda
2,5,2020,Honda
2,4,2007,BMW
3,4,2006,Toyota
2,6,2006,Ford
3,6,2004,Honda
2,4,2007,Ford
3,5,2009,BMW
4,4,2014,Honda
4,6,2016,Honda
4,4,2018,BMW
3,4,2006,BMW
2,5,2017,Toyota
3,6,2013,Toyota
4,4,2016,Volkswagen
3,5,2005,Toyota
4,5,2009,BMW
3,5,2020,Volkswagen
3,5,2017,Toyota
2,5,2020,Honda
4,5,2016,Honda
2,4,2010,Honda
3,6,2005,Ford
4,6,2006,Honda
3,6,2010,BMW
4,4,2002,Honda
2,5,2002,Honda
2,4,2006,Ford
3,6,2007,Ford
3,4,2009,Volkswagen
4,5,2008,Toyota
3,4,2012,Honda
4,5,2001,Toyota
4,5,2015,Toyota
4,4,2019,BMW
2,6,2018,BMW
4,5,2015,BMW
4,5,2015,BMW
4,4,2004,BMW
4,6,2008,Ford
3,4,2020,BMW
4,5,2010,Ford
3,5,2015,Toyota
3,6,2018,Honda
3,6,2004,BMW
3,5,2011,Honda
2,6,2007,BMW
4,4,2017,Honda
3,6,2004,Volkswagen
3,4,2004,BMW
3,4,2015,Toyota
4,5,2020,Toyota
4,6,2004,Ford
4,5,2008,Ford
3,4,2005,BMW
4,5,2019,Toyota
4,5,2008,Ford
2,4,2019,BMW
2,5,2020,Ford
4,6,2004,Toyota
3,4,2017,Toyota
2,6,2013,Toyota
2,5,2005,Honda
3,6,2007,Volkswagen
4,4,2010,Honda
2,6,2007,Toyota
3,6,2008,Honda
2,4,2009,Ford
2,5,2019,BMW
3,5,2006,BMW
3,5,2002,Honda
3,4,2004,Toyota
2,5,2017,Ford
3,5,2013,Honda
3,6,2006,BMW
3,4,2004,BMW
3,4,2005,Ford
3,6,2007,Honda
2,5,2009,BMW
2,4,2018,BMW
3,5,2019,Honda
4,5,2016,Ford
2,5,2019,Toyota
3,5,2019,Toyota
3,5,2016,Ford
2,5,2008,Ford
3,5,2012,Honda
3,5,2008,Volkswagen
2,4,2018,BMW
4,4,2009,Honda
4,6,2017,Ford
4,6,2013,Ford
3,5,2021,Honda
2,4,2004,Toyota
3,5,2020,Ford
3,4,2020,Volkswagen
2,5,2006,Honda
3,5,2000,Volkswagen
3,6,2013,Honda
3,5,2010,Toyota
3,4,2017,Volkswagen
4,5,2003,Toyota
2,5,2019,Volkswagen
2,6,2018,BMW
2,5,2017,Ford
2,4,2014,Honda
2,5,2018,Volkswagen
3,5,2006,Volkswagen
2,5,2003,Volkswagen
2,5,2018,Honda
3,4,2006,Ford
2,4,2012,Honda
2,4,2010,Toyota
3,4,2008,Honda
4,5,2021,BMW
3,4,2007,Volkswagen
3,5,2017,Volkswagen
3,5,2015,BMW
2,4,2009,BMW
3,6,2017,Ford
2,5,2015,Honda
4,5,2013,Toyota
3,6,2012,Volkswagen
2,4,2017,BMW
3,6,2001,Ford
2,4,2016,Ford
2,5,2011,Volkswagen
3,5,2013,Honda
3,5,2004,Volkswagen
2,5,2011,Ford
2,6,2018,Toyota
4,4,2009,Ford
4,5,2006,Toyota
4,6,2002,BMW
2,6,2005,Honda
4,5,2003,BMW
3,5,2021,Toyota
4,4,2008,Honda
4,5,2010,Ford
2,5,2014,Toyota
3,6,2013,Volkswagen
4,5,2013,Toyota
4,6,2010,Ford
4,5,2018,Ford
3,5,2013,BMW
3,4,2001,Toyota
3,6,2021,Honda
3,4,2001,Volkswagen
3,5,2010,Volkswagen
4,5,2017,Volkswagen
4,5,2020,Volkswagen
3,5,2006,Volkswagen
3,5,2018,Volkswagen
4,6,2000,Ford
3,5,2004,Volkswagen
4,6,2019,Ford
2,4,2006,Volkswagen
2,4,2003,Toyota
4,4,2009,Honda
3,4,2010,BMW
4,5,2021,Toyota
4,5,2005,BMW
4,5,2013,Ford
3,6,2021,BMW
3,5,2009,Toyota
3,5,2013,Toyota
3,4,2005,Honda
3,6,2017,Volkswagen
2,5,2016,Ford
4,6,2010,Toyota
3,5,2004,Ford
3,4,2006,Volkswagen
3,5,2011,Volkswagen
3,5,2001,BMW
2,5,2012,Honda
4,6,2014,Honda
2,6,2008,Volkswagen
3,5,2019,BMW
4,5,2017,Toyota
3,6,2006,Ford
4,5,2009,Volkswagen
3,6,2009,Volkswagen
3,5,2007,BMW
3,5,2002,Volkswagen
3,5,2012,BMW
3,6,2004,Toyota
4,4,2012,Honda
2,4,2019,Honda
3,4,2015,Ford
3,5,2015,Toyota
4,5,2013,Volkswagen
3,4,2012,Volkswagen
3,4,2005,Volkswagen
2,5,2007,Toyota
2,5,2010,Honda
3,5,2016,Honda
2,5,2004,Volkswagen
2,5,2021,BMW
3,6,2003,Volkswagen
4,5,2009,Toyota
4,5,2013,Volkswagen
3,5,2003,Ford
3,6,2020,Volkswagen
3,4,2007,Volkswagen
3,4,2011,Ford
4,6,2010,Ford
2,6,2008,BMW
3,4,2011,Ford
2,5,2017,Honda
3,6,2005,BMW
2,6,2012,Honda
3,5,2009,Toyota
3,5,2018,Toyota
3,6,2006,Honda
2,5,2020,Volkswagen
4,6,2002,Volkswagen
3,4,2007,Volkswagen
4,4,2009,Volkswagen
2,5,2005,Volkswagen
4,5,2014,Toyota
3,5,2020,BMW
3,6,2011,Volkswagen
2,6,2007,BMW
2,5,2011,Honda
4,6,2006,Volkswagen
2,4,2017,Toyota
3,5,2013,Toyota
4,5,2020,Toyota
4,6,2017,Volkswagen
2,4,2000,Honda
2,5,2001,Honda
3,5,2018,BMW
2,4,2000,Volkswagen
2,5,2000,Volkswagen
3,4,2016,BMW
4,4,2008,Toyota
3,5,2018,Toyota
4,5,2002,Honda
3,6,2008,Volkswagen
2,6,2008,Ford
3,5,2008,Honda
